{"items":[{"portalToMap":100,"portalToPos":3,"itemType":100,"itemSN":2,"itemRegPosX":0.5,"itemRegPosY":0,"itemPosX":1484,"itemPosY":704},{"portalToMap":100,"portalToPos":2,"itemType":100,"itemSN":1,"itemRegPosX":0.5,"itemRegPosY":0,"itemPosX":434,"itemPosY":323},{"itemType":101,"itemSN":1,"itemRegPosX":0.5,"itemRegPosY":0,"itemPosX":523,"itemPosY":66},{"itemType":101,"itemSN":2,"itemRegPosX":0.5,"itemRegPosY":0,"itemPosX":1331,"itemPosY":582},{"portalToMap":100,"portalToPos":4,"itemType":100,"itemSN":3,"itemRegPosX":0.5,"itemRegPosY":0,"itemPosX":2045,"itemPosY":1308},{"itemType":101,"itemSN":3,"itemRegPosX":0.5,"itemRegPosY":0,"itemPosX":1843,"itemPosY":1440},{"itemType":101,"itemSN":4,"itemRegPosX":0.5,"itemRegPosY":0,"itemPosX":1019,"itemPosY":2954},{"portalToMap":100,"portalToPos":1,"itemType":100,"itemSN":4,"itemRegPosX":0.5,"itemRegPosY":0,"itemPosX":1148,"itemPosY":3133}]}